<?xml version="1.0" encoding="UTF-8" standalone="yes"?>
<addon id="context.artwork.downloader.auto" name="Download All Artwork - Artwork Downloader" version="1.0.1" provider-name="rmrector">
	<requires>
		<import addon="xbmc.python" version="2.20.0" />
		<import addon="script.artwork.downloader" version="12.0.29" />
	</requires>
	<extension point="kodi.context.item" library="context.py">
		<item>
			<label>32000</label>
			<visible>Container.Content(tvshows)|Container.Content(movies)|Container.Content(musicvideos)</visible>
			<parent>kodi.core.manage</parent>
		</item>
	</extension>
	<extension point="kodi.addon.metadata">
		<summary lang="en">Download all missing artwork configured in Artwork Downloader for the selected item.</summary>
		<description lang="en">Download all missing artwork configured in Artwork Downloader for the selected item. Added to the 'Manage...' context menu. The add-on Artwork Downloader does all the work, this just runs it for the selected item.</description>
		<disclaimer lang="en" />
		<platform>all</platform>
		<language />
		<website>https://github.com/rmrector/context.artwork.downloader.auto</website>
		<forum />
		<email />
		<license>The MIT License</license>
		<source>https://github.com/rmrector/context.artwork.downloader.auto</source>
	</extension>
</addon>
