<?xml version="1.0" encoding="utf-8"?>
<includes>
	<include name="WrapHomeMainMenuDisplay">
		<control type="wraplist" id="9000">
			<include>HomeMainMenuSys</include>
		</control>
	</include>
	<include name="FixedHomeMainMenuDisplay">
		<control type="fixedlist" id="9000">
			<include>HomeMainMenuSys</include>
		</control>
	</include>
	<include name="HomeMainMenuSys">
		<left>-110</left>
		<top>5</top>
		<width>1500</width>
		<height>60</height>
		<onleft condition="!Skin.HasSetting(FixedEndingMenu)">9000</onleft>
        <onleft condition="Skin.HasSetting(FixedEndingMenu)">noop</onleft>
		<onright condition="!Skin.HasSetting(FixedEndingMenu)">9000</onright>
		<onright condition="Skin.HasSetting(FixedEndingMenu)">noop</onright>
        <onup condition="System.HasAddon(script.globalsearch) + Skin.HasSetting(ActivateGlobalSearch)">608</onup>
		<onup condition="!System.HasAddon(script.globalsearch) | !Skin.HasSetting(ActivateGlobalSearch)">603</onup>
		<ondown>9001</ondown>
		<pagecontrol>-</pagecontrol>
		<scrolltime>300</scrolltime>
		<focusposition>2</focusposition>
		<movement>1</movement>
		<orientation>Horizontal</orientation>
		<itemlayout height="60" width="300">
			<control type="image">
				<left>0</left>
				<top>4</top>
				<width>1</width>
				<height>52</height>
				<texture>HomeSeperator.png</texture>
			</control>
			<control type="image">
				<left>299</left>
				<top>4</top>
				<width>1</width>
				<height>52</height>
				<texture>HomeSeperator.png</texture>
			</control>
			<control type="label">
				<left>5</left>
				<top>0</top>
				<width>290</width>
				<height>60</height>
				<font>font_MainMenu</font>
				<textcolor>grey3</textcolor>
				<align>center</align>
				<aligny>center</aligny>
				<label>$INFO[ListItem.Label]</label>
			</control>
		</itemlayout>
        <focusedlayout height="60" width="300">
            <control type="image">
                <left>0</left>
                <top>4</top>
                <width>1</width>
                <height>52</height>
                <texture>HomeSeperator.png</texture>
            </control>
            <control type="image">
                <left>299</left>
                <top>4</top>
                <width>1</width>
                <height>52</height>
                <texture>HomeSeperator.png</texture>
            </control>
            <control type="label">
                <left>5</left>
                <top>2</top>
                <width>290</width>
                <height>60</height>
                <font>font_MainMenu</font>
                <textcolor>grey3</textcolor>
                <align>center</align>
                <aligny>center</aligny>
                <label>$INFO[ListItem.Label]</label>
            </control>
            <control type="label">
                <left>5</left>
                <top>0</top>
                <width>290</width>
                <height>60</height>
                <font>font_MainMenu</font>
                <textcolor>$INFO[Skin.String(menuColor)]</textcolor>
                <align>center</align>
                <aligny>center</aligny>
                <label>$INFO[ListItem.Label]</label>
                <visible>Control.HasFocus(9000)</visible>
                <include>VisibleFadeEffect</include>
            </control>
        </focusedlayout>
        <content>
            <include>skinshortcuts-mainmenu</include>
        </content>
	</include>
	<include name="DefaultInitialSetup">
		<onload>Skin.SetBool(EnableWidgetsTitle)</onload>
        <onload>Skin.SetString(WidgetLimitItems,10,)</onload>
        <onload>Skin.SetString(DurationSplashScreen,5,)</onload>
        <onload>Skin.SetBool(SingleGlobalBackground)</onload>
        <onload>Skin.SetString(UsrFavBtnCmd.Path,ActivateWindow(Favourites))</onload>
        <onload>Skin.SetString(UsrPwrBtnCmd.Path,ActivateWindow(ShutdownMenu))</onload>
		<onload>Skin.SetBool(InitialSetUpRun)</onload>
	</include>
</includes>