<?xml version="1.0" encoding="UTF-8" standalone="yes"?>
<addon id="plugin.audio.deutschrock"
    name="[COLOR orange]Deutsch Rock[/COLOR]" version="1.0.0"
	provider-name="[COLOR orange]SH Germania[/COLOR]">
    <requires>
        <import addon="xbmc.python" version="2.1.0"/>
    </requires>
    <extension point="xbmc.python.script" library="default.py">
        <provides>audio</provides>
    </extension>
    <extension point="xbmc.addon.metadata">
       <summary>Radio Online Stream</summary>
        <description>[COLOR orange]
Besucht uns mal auf Facebook.
FACEBOOK GRUPPE HSK-DE:
HARDWARE - SOFTWARE - KODI - DE
https://www.facebook.com/groups/hskde/

Kodimans Forum:
https://www.kodiman.net/[/COLOR]</description>
        <platform>all</platform>
        <language>de</language>
        <license></license>
        <website></website>
        <source></source>
        <email></email>
    </extension>
</addon>