<?xml version="1.0" encoding="UTF-8"?>
<window>
	<coordinates>
		<left>0</left>
		<top>0</top>
	</coordinates>
	<depth>DepthDialog</depth>
	<controls>
		<control type="list" id="100">
			<left>-1920</left>
			<top>-1080</top>
			<width>1</width>
			<height>1</height>
			<itemlayout width="1" height="1"/>
			<focusedlayout width="1" height="1"/>
		</control>
		<control type="group">
            <left>90</left>
            <top>10</top>
            <animation type="WindowOpen" reversible="false">
                <effect type="zoom" start="80" end="100" center="640,360" easing="out" tween="back" time="225" />
                <effect type="fade" start="0" end="100" time="225" />
            </animation>
            <animation type="WindowClose" reversible="false">
                <effect type="zoom" start="100" end="80" center="640,360" easing="in" tween="back" time="225" />
                <effect type="fade" start="100" end="0" time="225" />
            </animation>
            <control type="image">
                <left>5</left>
                <top>5</top>
                <width>1090</width>
                <height>650</height>
                <texture border="15">ContentPanel.png</texture>
            </control>
            <control type="image">
                <left>5</left>
                <top>5</top>
                <width>1090</width>
                <height>650</height>
                <texture border="15">ContentPanel.png</texture>
            </control>
            <control type="button">
                <description>Close Window button</description>
                <left>980</left>
                <top>11</top>
                <width>64</width>
                <height>32</height>
                <label>-</label>
                <font>-</font>
                <onclick>PreviousMenu</onclick>
                <texturefocus>DialogCloseButton-focus.png</texturefocus>
                <texturenofocus>DialogCloseButton.png</texturenofocus>
                <onleft>1</onleft>
                <onright>1</onright>
                <onup>1</onup>
                <ondown>1</ondown>
                <visible>system.getbool(input.enablemouse)</visible>
            </control>                        
			<control type="label">
				<top>30</top>
				<width>1090</width>
				<height>30</height>
				<font>font24_title</font>
				<label>-</label>
				<align>center</align>
				<aligny>center</aligny>
				<textcolor>FFFFFFFF</textcolor>
				<shadowcolor>FF000000</shadowcolor>
				<label>$INFO[Container(100).ListItem.Label]</label>
			</control>
			<control type="image">
				<left>50</left>
				<top>70</top>
				<width>350</width>
				<height>350</height>
				<aspectratio>keep</aspectratio>
				<texture>$INFO[Container(100).ListItem.Icon]</texture>
			</control>
			<control type="group">
				<visible>Control.IsVisible(110) | Control.IsVisible(140) | Control.IsVisible(150)</visible>
				<control type="image">
					<left>60</left>
					<top>440</top>
					<width>48</width>
					<height>36</height>
					<aspectratio>keep</aspectratio>
                    <texture>$INFO[Container(100).ListItem.Property(VideoResolution),flagging/video/,.png]</texture>
				</control>
				<control type="image">
					<left>110</left>
					<top>440</top>
					<width>75</width>
					<height>36</height>
					<aspectratio>keep</aspectratio>
                    <texture>$INFO[Container(100).ListItem.Property(VideoCodec),flagging/video/,.png]</texture>
				</control>
				<control type="image">
					<left>207</left>
					<top>440</top>
					<width>48</width>
					<height>36</height>
					<aspectratio>keep</aspectratio>
                    <texture>$INFO[Container(100).ListItem.Property(VideoAspect),flagging/aspectratio/,.png]</texture>
				</control>
				<control type="image">
					<left>257</left>
					<top>440</top>
					<width>75</width>
					<height>36</height>
					<aspectratio>keep</aspectratio>
                    <texture>$INFO[Container(100).ListItem.Property(AudioCodec),flagging/audio/,.png]</texture>
				</control>
				<control type="image">
					<left>334</left>
					<top>440</top>
					<width>48</width>
					<height>36</height>
					<aspectratio>keep</aspectratio>
                    <texture>$INFO[Container(100).ListItem.Property(AudioChannels),flagging/audio/,.png]</texture>
				</control>
			</control>
			<control type="group" id="101">
				<control type="list" id="200">
					<left>410</left>
					<top>80</top>
					<width>630</width>
					<height>330</height>
					<onleft>200</onleft>
					<onright>200</onright>
					<onup>190</onup>
					<ondown>195</ondown>
					<pagecontrol>-</pagecontrol>
					<scrolltime>200</scrolltime>
					<itemlayout width="630" height="30">
						<control type="label">
							<left>0</left>
							<top>0</top>
							<width>165</width>
							<height>30</height>
							<font>font13</font>
							<align>right</align>
							<aligny>center</aligny>
							<textcolor>blue</textcolor>
							<selectedcolor>blue</selectedcolor>
							<label>$INFO[ListItem.Label]</label>
						</control>
						<control type="label">
							<left>175</left>
							<top>0</top>
							<width>625</width>
							<height>30</height>
							<font>font13</font>
							<align>left</align>
							<aligny>center</aligny>
							<textcolor>FFFFFFFF</textcolor>
							<selectedcolor>FFFFFFFF</selectedcolor>
							<label>$INFO[ListItem.Label2]</label>
						</control>
					</itemlayout>
					<focusedlayout width="630" height="30">
						<control type="image">
							<left>0</left>
							<top>0</top>
							<width>630</width>
							<height>30</height>
							<texture>MenuItemFO.png</texture>
							<visible>Control.HasFocus(200)</visible>
						</control>
						<control type="label">
							<left>0</left>
							<top>0</top>
							<width>165</width>
							<height>30</height>
							<font>font13</font>
							<align>right</align>
							<aligny>center</aligny>
							<textcolor>blue</textcolor>
							<selectedcolor>blue</selectedcolor>
							<label>$INFO[ListItem.Label]</label>
						</control>
						<control type="label">
							<left>175</left>
							<top>0</top>
							<width>625</width>
							<height>30</height>
							<font>font13</font>
							<align>left</align>
							<aligny>center</aligny>
							<textcolor>FFFFFFFF</textcolor>
							<selectedcolor>FFFFFFFF</selectedcolor>
							<label>$INFO[ListItem.Label2]</label>
						</control>
					</focusedlayout>
					<content>
						<item>
							<label>$LOCALIZE[19080]:</label>
							<label2>$INFO[Container(100).ListItem.Property(StartTime)]</label2>
							<onclick>noop</onclick>
							<visible>!String.IsEmpty(Container(100).ListItem.Property(StartTime))</visible>
						</item>
						<item>
							<label>$LOCALIZE[19081]:</label>
							<label2>$INFO[Container(100).ListItem.Property(EndTime)]</label2>
							<onclick>noop</onclick>
							<visible>!String.IsEmpty(Container(100).ListItem.Property(EndTime))</visible>
						</item>
						<item>
							<label>$LOCALIZE[2050]:</label>
							<label2>$INFO[Container(100).ListItem.Property(Duration),, $LOCALIZE[12391]]</label2>
							<onclick>noop</onclick>
							<visible>!String.IsEmpty(Container(100).ListItem.Property(Duration))</visible>
						</item>
						<item>
							<label>$LOCALIZE[515]:</label>
							<label2>$INFO[Container(100).ListItem.Property(Genre)]</label2>
							<onclick>noop</onclick>
							<visible>!String.IsEmpty(Container(100).ListItem.Property(Genre))</visible>
						</item>
						<item>
							<label>$LOCALIZE[19148]:</label>
							<label2>$INFO[Container(100).ListItem.Property(ChannelNumber)]. $INFO[Container(100).ListItem.Property(ChannelName)]</label2>
							<onclick>noop</onclick>
							<visible>!String.IsEmpty(Container(100).ListItem.Property(ChannelName))</visible>
						</item>
						<item>
							<label>$LOCALIZE[15311]</label>
							<label2>$INFO[Container(100).ListItem.Property(Path)]</label2>
							<onclick>noop</onclick>
							<visible>!String.IsEmpty(Container(100).ListItem.Property(Path))</visible>
						</item>
					</content>
				</control>
				<control type="list" id="110">
					<left>410</left>
					<top>80</top>
					<width>630</width>
					<height>330</height>
					<onleft>110</onleft>
					<onright>110</onright>
					<onup>190</onup>
					<ondown>195</ondown>
					<pagecontrol>-</pagecontrol>
					<scrolltime>200</scrolltime>
					<itemlayout width="630" height="30">
						<control type="label">
							<left>0</left>
							<top>0</top>
							<width>165</width>
							<height>30</height>
							<font>font13</font>
							<align>right</align>
							<aligny>center</aligny>
							<textcolor>blue</textcolor>
							<selectedcolor>blue</selectedcolor>
							<label>$INFO[ListItem.Label]</label>
						</control>
						<control type="label">
							<left>175</left>
							<top>0</top>
							<width>625</width>
							<height>30</height>
							<font>font13</font>
							<align>left</align>
							<aligny>center</aligny>
							<textcolor>FFFFFFFF</textcolor>
							<selectedcolor>FFFFFFFF</selectedcolor>
							<label>$INFO[ListItem.Label2]</label>
						</control>
					</itemlayout>
					<focusedlayout width="630" height="30">
						<control type="image">
							<left>0</left>
							<top>0</top>
							<width>630</width>
							<height>30</height>
							<texture>MenuItemFO.png</texture>
							<visible>Control.HasFocus(110)</visible>
						</control>
						<control type="label">
							<left>0</left>
							<top>0</top>
							<width>165</width>
							<height>30</height>
							<font>font13</font>
							<align>right</align>
							<aligny>center</aligny>
							<textcolor>blue</textcolor>
							<selectedcolor>blue</selectedcolor>
							<label>$INFO[ListItem.Label]</label>
						</control>
						<control type="label">
							<left>175</left>
							<top>0</top>
							<width>625</width>
							<height>30</height>
							<font>font13</font>
							<align>left</align>
							<aligny>center</aligny>
							<textcolor>FFFFFFFF</textcolor>
							<selectedcolor>FFFFFFFF</selectedcolor>
							<label>$INFO[ListItem.Label2]</label>
						</control>
					</focusedlayout>
					<content>
						<item>
							<label>$LOCALIZE[20339]:</label>
							<label2>$INFO[Container(100).ListItem.Property(Director)]</label2>
							<onclick>noop</onclick>
							<visible>!String.IsEmpty(Container(100).ListItem.Property(Director))</visible>
						</item>
						<item>
							<label>$LOCALIZE[572]:</label>
							<label2>$INFO[Container(100).ListItem.Property(Studio)]</label2>
							<onclick>noop</onclick>
							<visible>!String.IsEmpty(Container(100).ListItem.Property(Studio))</visible>
						</item>
						<item>
							<label>$LOCALIZE[515]:</label>
							<label2>$INFO[Container(100).ListItem.Property(Genre)]</label2>
							<onclick>noop</onclick>
							<visible>!String.IsEmpty(Container(100).ListItem.Property(Genre))</visible>
						</item>
						<item>
							<label>$LOCALIZE[562]:</label>
							<label2>$INFO[Container(100).ListItem.Property(Year)]</label2>
							<onclick>noop</onclick>
							<visible>!String.IsEmpty(Container(100).ListItem.Property(Year))</visible>
						</item>
						<item>
							<label>$LOCALIZE[2050]:</label>
							<label2>$INFO[Container(100).ListItem.Property(Duration),, $LOCALIZE[12391]]</label2>
							<onclick>noop</onclick>
							<visible>!String.IsEmpty(Container(100).ListItem.Property(Duration)) + !SubString(Container(100).ListItem.Property(Duration),min)</visible>
						</item>
						<item>
							<label>$LOCALIZE[2050]:</label>
							<label2>$INFO[Container(100).ListItem.Property(Duration)]</label2>
							<onclick>noop</onclick>
							<visible>!String.IsEmpty(Container(100).ListItem.Property(Duration)) + SubString(Container(100).ListItem.Property(Duration),min)</visible>
						</item>
						<item>
							<label>$LOCALIZE[563]:</label>
							<label2>$INFO[Container(100).ListItem.Property(Rating)]</label2>
							<onclick>noop</onclick>
							<visible>!String.IsEmpty(Container(100).ListItem.Property(Rating))</visible>
						</item>
						<item>
							<label>$LOCALIZE[38018]:</label>
							<label2>$INFO[Container(100).ListItem.Property(UserRating)]</label2>
							<onclick>noop</onclick>
							<visible>!String.IsEmpty(Container(100).ListItem.Property(UserRating))</visible>
						</item>
						<item>
							<label>$LOCALIZE[202]:</label>
							<label2>$INFO[Container(100).ListItem.Property(TagLine)]</label2>
							<onclick>noop</onclick>
							<visible>!String.IsEmpty(Container(100).ListItem.Property(TagLine))</visible>
						</item>
						<item>
							<label>$LOCALIZE[203]:</label>
							<label2>$INFO[Container(100).ListItem.Property(PlotOutline)]</label2>
							<onclick>noop</onclick>
							<visible>!String.IsEmpty(Container(100).ListItem.Property(PlotOutline))</visible>
						</item>
						<item>
							<label>$LOCALIZE[20074]:</label>
							<label2>$INFO[Container(100).ListItem.Property(Mpaa)]</label2>
							<onclick>noop</onclick>
							<visible>!String.IsEmpty(Container(100).ListItem.Property(Mpaa))</visible>
						</item>
						<item>
							<label>$LOCALIZE[567]:</label>
							<label2>$INFO[Container(100).ListItem.Property(Playcount)]</label2>
							<onclick>noop</onclick>
							<visible>!String.IsEmpty(Container(100).ListItem.Property(Playcount))</visible>
						</item>
						<item>
							<label>$LOCALIZE[15311]</label>
							<label2>$INFO[Container(100).ListItem.Property(Path)]</label2>
							<onclick>noop</onclick>
							<visible>!String.IsEmpty(Container(100).ListItem.Property(Path))</visible>
						</item>
					</content>
				</control>
				<control type="list" id="120">
					<left>410</left>
					<top>80</top>
					<width>630</width>
					<height>330</height>
					<onleft>120</onleft>
					<onright>120</onright>
					<onup>190</onup>
					<ondown>195</ondown>
					<pagecontrol>-</pagecontrol>
					<scrolltime>200</scrolltime>
					<itemlayout width="630" height="30">
						<control type="label">
							<left>0</left>
							<top>0</top>
							<width>165</width>
							<height>30</height>
							<font>font13</font>
							<align>right</align>
							<aligny>center</aligny>
							<textcolor>blue</textcolor>
							<selectedcolor>blue</selectedcolor>
							<label>$INFO[ListItem.Label]</label>
						</control>
						<control type="label">
							<left>175</left>
							<top>0</top>
							<width>625</width>
							<height>30</height>
							<font>font13</font>
							<align>left</align>
							<aligny>center</aligny>
							<textcolor>FFFFFFFF</textcolor>
							<selectedcolor>FFFFFFFF</selectedcolor>
							<label>$INFO[ListItem.Label2]</label>
						</control>
					</itemlayout>
					<focusedlayout width="630" height="30">
						<control type="image">
							<left>0</left>
							<top>0</top>
							<width>630</width>
							<height>30</height>
							<texture>MenuItemFO.png</texture>
							<visible>Control.HasFocus(120)</visible>
						</control>
						<control type="label">
							<left>0</left>
							<top>0</top>
							<width>165</width>
							<height>30</height>
							<font>font13</font>
							<align>right</align>
							<aligny>center</aligny>
							<textcolor>blue</textcolor>
							<selectedcolor>blue</selectedcolor>
							<label>$INFO[ListItem.Label]</label>
						</control>
						<control type="label">
							<left>175</left>
							<top>0</top>
							<width>625</width>
							<height>30</height>
							<font>font13</font>
							<align>left</align>
							<aligny>center</aligny>
							<textcolor>FFFFFFFF</textcolor>
							<selectedcolor>FFFFFFFF</selectedcolor>
							<label>$INFO[ListItem.Label2]</label>
						</control>
					</focusedlayout>
					<content>
						<item>
							<label>$LOCALIZE[20360]:</label>
							<label2>$INFO[Container(100).ListItem.Property(Episode)]</label2>
							<onclick>noop</onclick>
							<visible>!String.IsEmpty(Container(100).ListItem.Property(Episode))</visible>
						</item>
						<item>
							<label>$LOCALIZE[20416]:</label>
							<label2>$INFO[Container(100).ListItem.Property(Premiered)]</label2>
							<onclick>noop</onclick>
							<visible>!String.IsEmpty(Container(100).ListItem.Property(Premiered))</visible>
						</item>
						<item>
							<label>$LOCALIZE[572]:</label>
							<label2>$INFO[Container(100).ListItem.Property(Studio)]</label2>
							<onclick>noop</onclick>
							<visible>!String.IsEmpty(Container(100).ListItem.Property(Studio))</visible>
						</item>
						<item>
							<label>$LOCALIZE[515]:</label>
							<label2>$INFO[Container(100).ListItem.Property(Genre)]</label2>
							<onclick>noop</onclick>
							<visible>!String.IsEmpty(Container(100).ListItem.Property(Genre))</visible>
						</item>
						<item>
							<label>$LOCALIZE[562]:</label>
							<label2>$INFO[Container(100).ListItem.Property(Year)]</label2>
							<onclick>noop</onclick>
							<visible>!String.IsEmpty(Container(100).ListItem.Property(Year))</visible>
						</item>
						<item>
							<label>$LOCALIZE[563]:</label>
							<label2>$INFO[Container(100).ListItem.Property(Rating)]</label2>
							<onclick>noop</onclick>
							<visible>!String.IsEmpty(Container(100).ListItem.Property(Rating))</visible>
						</item>
						<item>
							<label>$LOCALIZE[38018]:</label>
							<label2>$INFO[Container(100).ListItem.Property(UserRating)]</label2>
							<onclick>noop</onclick>
							<visible>!String.IsEmpty(Container(100).ListItem.Property(UserRating))</visible>
						</item>
						<item>
							<label>$LOCALIZE[20074]:</label>
							<label2>$INFO[Container(100).ListItem.Property(Mpaa)]</label2>
							<onclick>noop</onclick>
							<visible>!String.IsEmpty(Container(100).ListItem.Property(Mpaa))</visible>
						</item>
						<item>
							<label>$LOCALIZE[567]:</label>
							<label2>$INFO[Container(100).ListItem.Property(Playcount)]</label2>
							<onclick>noop</onclick>
							<visible>!String.IsEmpty(Container(100).ListItem.Property(Playcount))</visible>
						</item>
						<item>
							<label>$LOCALIZE[15311]</label>
							<label2>$INFO[Container(100).ListItem.Property(Path)]</label2>
							<onclick>noop</onclick>
							<visible>!String.IsEmpty(Container(100).ListItem.Property(Path))</visible>
						</item>
					</content>
				</control>
				<control type="list" id="130">
					<left>410</left>
					<top>80</top>
					<width>630</width>
					<height>330</height>
					<onleft>130</onleft>
					<onright>130</onright>
					<onup>190</onup>
					<ondown>195</ondown>
					<pagecontrol>-</pagecontrol>
					<scrolltime>200</scrolltime>
					<itemlayout width="630" height="30">
						<control type="label">
							<left>0</left>
							<top>0</top>
							<width>165</width>
							<height>30</height>
							<font>font13</font>
							<align>right</align>
							<aligny>center</aligny>
							<textcolor>blue</textcolor>
							<selectedcolor>blue</selectedcolor>
							<label>$INFO[ListItem.Label]</label>
						</control>
						<control type="label">
							<left>175</left>
							<top>0</top>
							<width>625</width>
							<height>30</height>
							<font>font13</font>
							<align>left</align>
							<aligny>center</aligny>
							<textcolor>FFFFFFFF</textcolor>
							<selectedcolor>FFFFFFFF</selectedcolor>
							<label>$INFO[ListItem.Label2]</label>
						</control>
					</itemlayout>
					<focusedlayout width="630" height="30">
						<control type="image">
							<left>0</left>
							<top>0</top>
							<width>630</width>
							<height>30</height>
							<texture>MenuItemFO.png</texture>
							<visible>Control.HasFocus(130)</visible>
						</control>
						<control type="label">
							<left>0</left>
							<top>0</top>
							<width>165</width>
							<height>30</height>
							<font>font13</font>
							<align>right</align>
							<aligny>center</aligny>
							<textcolor>blue</textcolor>
							<selectedcolor>blue</selectedcolor>
							<label>$INFO[ListItem.Label]</label>
						</control>
						<control type="label">
							<left>175</left>
							<top>0</top>
							<width>625</width>
							<height>30</height>
							<font>font13</font>
							<align>left</align>
							<aligny>center</aligny>
							<textcolor>FFFFFFFF</textcolor>
							<selectedcolor>FFFFFFFF</selectedcolor>
							<label>$INFO[ListItem.Label2]</label>
						</control>
					</focusedlayout>
					<content>
						<item>
							<label>$LOCALIZE[20364]:</label>
							<label2>$INFO[Container(100).ListItem.Property(TVShowTitle)]</label2>
							<onclick>noop</onclick>
							<visible>!String.IsEmpty(Container(100).ListItem.Property(TVShowTitle))</visible>
						</item>
						<item>
							<label>$LOCALIZE[20360]:</label>
							<label2>$INFO[Container(100).ListItem.Property(Episode)]</label2>
							<onclick>noop</onclick>
							<visible>!String.IsEmpty(Container(100).ListItem.Property(Episode))</visible>
						</item>
						<item>
							<label>$LOCALIZE[567]:</label>
							<label2>$INFO[Container(100).ListItem.Property(Playcount)]</label2>
							<onclick>noop</onclick>
							<visible>!String.IsEmpty(Container(100).ListItem.Property(Playcount))</visible>
						</item>
						<item>
							<label>$LOCALIZE[15311]</label>
							<label2>$INFO[Container(100).ListItem.Property(Path)]</label2>
							<onclick>noop</onclick>
							<visible>!String.IsEmpty(Container(100).ListItem.Property(Path))</visible>
						</item>
					</content>
				</control>
				<control type="list" id="140">
					<left>410</left>
					<top>80</top>
					<width>630</width>
					<height>330</height>
					<onleft>140</onleft>
					<onright>140</onright>
					<onup>190</onup>
					<ondown>195</ondown>
					<pagecontrol>-</pagecontrol>
					<scrolltime>200</scrolltime>
					<itemlayout width="630" height="30">
						<control type="label">
							<left>0</left>
							<top>0</top>
							<width>165</width>
							<height>30</height>
							<font>font13</font>
							<align>right</align>
							<aligny>center</aligny>
							<textcolor>blue</textcolor>
							<selectedcolor>blue</selectedcolor>
							<label>$INFO[ListItem.Label]</label>
						</control>
						<control type="label">
							<left>175</left>
							<top>0</top>
							<width>625</width>
							<height>30</height>
							<font>font13</font>
							<align>left</align>
							<aligny>center</aligny>
							<textcolor>FFFFFFFF</textcolor>
							<selectedcolor>FFFFFFFF</selectedcolor>
							<label>$INFO[ListItem.Label2]</label>
						</control>
					</itemlayout>
					<focusedlayout width="630" height="30">
						<control type="image">
							<left>0</left>
							<top>0</top>
							<width>630</width>
							<height>30</height>
							<texture>MenuItemFO.png</texture>
							<visible>Control.HasFocus(140)</visible>
						</control>
						<control type="label">
							<left>0</left>
							<top>0</top>
							<width>165</width>
							<height>30</height>
							<font>font13</font>
							<align>right</align>
							<aligny>center</aligny>
							<textcolor>blue</textcolor>
							<selectedcolor>blue</selectedcolor>
							<label>$INFO[ListItem.Label]</label>
						</control>
						<control type="label">
							<left>175</left>
							<top>0</top>
							<width>625</width>
							<height>30</height>
							<font>font13</font>
							<align>left</align>
							<aligny>center</aligny>
							<textcolor>FFFFFFFF</textcolor>
							<selectedcolor>FFFFFFFF</selectedcolor>
							<label>$INFO[ListItem.Label2]</label>
						</control>
					</focusedlayout>
					<content>
						<item>
							<label>$LOCALIZE[20364]:</label>
							<label2>$INFO[Container(100).ListItem.Property(TVShowTitle)]</label2>
							<onclick>noop</onclick>
							<visible>!String.IsEmpty(Container(100).ListItem.Property(TVShowTitle))</visible>
						</item>
						<item>
							<label>$LOCALIZE[20373]:</label>
							<label2>$INFO[Container(100).ListItem.Property(Season)]</label2>
							<onclick>noop</onclick>
							<visible>!String.IsEmpty(Container(100).ListItem.Property(Season))</visible>
						</item>
						<item>
							<label>$LOCALIZE[20360]:</label>
							<label2>$INFO[Container(100).ListItem.Property(Episode)]</label2>
							<onclick>noop</onclick>
							<visible>!String.IsEmpty(Container(100).ListItem.Property(Episode))</visible>
						</item>
						<item>
							<label>$LOCALIZE[20339]:</label>
							<label2>$INFO[Container(100).ListItem.Property(Director)]</label2>
							<onclick>noop</onclick>
							<visible>!String.IsEmpty(Container(100).ListItem.Property(Director))</visible>
						</item>
						<item>
							<label>$LOCALIZE[20416]:</label>
							<label2>$INFO[Container(100).ListItem.Property(Premiered)]</label2>
							<onclick>noop</onclick>
							<visible>!String.IsEmpty(Container(100).ListItem.Property(Premiered))</visible>
						</item>
						<item>
							<label>$LOCALIZE[2050]:</label>
							<label2>$INFO[Container(100).ListItem.Property(Duration),, $LOCALIZE[12391]]</label2>
							<onclick>noop</onclick>
							<visible>!String.IsEmpty(Container(100).ListItem.Property(Duration)) + !SubString(Container(100).ListItem.Property(Duration),min)</visible>
						</item>
						<item>
							<label>$LOCALIZE[2050]:</label>
							<label2>$INFO[Container(100).ListItem.Property(Duration)]</label2>
							<onclick>noop</onclick>
							<visible>!String.IsEmpty(Container(100).ListItem.Property(Duration)) + SubString(Container(100).ListItem.Property(Duration),min)</visible>
						</item>
						<item>
							<label>$LOCALIZE[563]:</label>
							<label2>$INFO[Container(100).ListItem.Property(Rating)]</label2>
							<onclick>noop</onclick>
							<visible>!String.IsEmpty(Container(100).ListItem.Property(Rating))</visible>
						</item>
						<item>
							<label>$LOCALIZE[38018]:</label>
							<label2>$INFO[Container(100).ListItem.Property(UserRating)]</label2>
							<onclick>noop</onclick>
							<visible>!String.IsEmpty(Container(100).ListItem.Property(UserRating))</visible>
						</item>
						<item>
							<label>$LOCALIZE[567]:</label>
							<label2>$INFO[Container(100).ListItem.Property(Playcount)]</label2>
							<onclick>noop</onclick>
							<visible>!String.IsEmpty(Container(100).ListItem.Property(Playcount))</visible>
						</item>
						<item>
							<label>$LOCALIZE[15311]</label>
							<label2>$INFO[Container(100).ListItem.Property(Path)]</label2>
							<onclick>noop</onclick>
							<visible>!String.IsEmpty(Container(100).ListItem.Property(Path))</visible>
						</item>
					</content>
				</control>
				<control type="list" id="150">
					<left>410</left>
					<top>80</top>
					<width>630</width>
					<height>330</height>
					<onleft>150</onleft>
					<onright>150</onright>
					<onup>190</onup>
					<ondown>195</ondown>
					<pagecontrol>-</pagecontrol>
					<scrolltime>200</scrolltime>
					<itemlayout width="630" height="30">
						<control type="label">
							<left>0</left>
							<top>0</top>
							<width>165</width>
							<height>30</height>
							<font>font13</font>
							<align>right</align>
							<aligny>center</aligny>
							<textcolor>blue</textcolor>
							<selectedcolor>blue</selectedcolor>
							<label>$INFO[ListItem.Label]</label>
						</control>
						<control type="label">
							<left>175</left>
							<top>0</top>
							<width>625</width>
							<height>30</height>
							<font>font13</font>
							<align>left</align>
							<aligny>center</aligny>
							<textcolor>FFFFFFFF</textcolor>
							<selectedcolor>FFFFFFFF</selectedcolor>
							<label>$INFO[ListItem.Label2]</label>
						</control>
					</itemlayout>
					<focusedlayout width="630" height="30">
						<control type="image">
							<left>0</left>
							<top>0</top>
							<width>630</width>
							<height>30</height>
							<texture>MenuItemFO.png</texture>
							<visible>Control.HasFocus(150)</visible>
						</control>
						<control type="label">
							<left>0</left>
							<top>0</top>
							<width>165</width>
							<height>30</height>
							<font>font13</font>
							<align>right</align>
							<aligny>center</aligny>
							<textcolor>blue</textcolor>
							<selectedcolor>blue</selectedcolor>
							<label>$INFO[ListItem.Label]</label>
						</control>
						<control type="label">
							<left>175</left>
							<top>0</top>
							<width>625</width>
							<height>30</height>
							<font>font13</font>
							<align>left</align>
							<aligny>center</aligny>
							<textcolor>FFFFFFFF</textcolor>
							<selectedcolor>FFFFFFFF</selectedcolor>
							<label>$INFO[ListItem.Label2]</label>
						</control>
					</focusedlayout>
					<content>
						<item>
							<label>$LOCALIZE[557]:</label>
							<label2>$INFO[Container(100).ListItem.Property(Artist)]</label2>
							<onclick>noop</onclick>
							<visible>!String.IsEmpty(Container(100).ListItem.Property(Artist))</visible>
						</item>
						<item>
							<label>$LOCALIZE[558]:</label>
							<label2>$INFO[Container(100).ListItem.Property(Album)]</label2>
							<onclick>noop</onclick>
							<visible>!String.IsEmpty(Container(100).ListItem.Property(Album))</visible>
						</item>
						<item>
							<label>$LOCALIZE[515]:</label>
							<label2>$INFO[Container(100).ListItem.Property(Genre)]</label2>
							<onclick>noop</onclick>
							<visible>!String.IsEmpty(Container(100).ListItem.Property(Genre))</visible>
						</item>
						<item>
							<label>$LOCALIZE[572]:</label>
							<label2>$INFO[Container(100).ListItem.Property(Studio)]</label2>
							<onclick>noop</onclick>
							<visible>!String.IsEmpty(Container(100).ListItem.Property(Studio))</visible>
						</item>
						<item>
							<label>$LOCALIZE[20339]:</label>
							<label2>$INFO[Container(100).ListItem.Property(Director)]</label2>
							<onclick>noop</onclick>
							<visible>!String.IsEmpty(Container(100).ListItem.Property(Director))</visible>
						</item>
						<item>
							<label>$LOCALIZE[562]:</label>
							<label2>$INFO[Container(100).ListItem.Property(Year)]</label2>
							<onclick>noop</onclick>
							<visible>!String.IsEmpty(Container(100).ListItem.Property(Year))</visible>
						</item>
						<item>
							<label>$LOCALIZE[2050]:</label>
							<label2>$INFO[Container(100).ListItem.Property(Duration)]</label2>
							<onclick>noop</onclick>
							<visible>!String.IsEmpty(Container(100).ListItem.Property(Duration))</visible>
						</item>
						<item>
							<label>$LOCALIZE[563]:</label>
							<label2>$INFO[Container(100).ListItem.Property(Rating)]</label2>
							<onclick>noop</onclick>
							<visible>!String.IsEmpty(Container(100).ListItem.Property(Rating))</visible>
						</item>
						<item>
							<label>$LOCALIZE[38018]:</label>
							<label2>$INFO[Container(100).ListItem.Property(UserRating)]</label2>
							<onclick>noop</onclick>
							<visible>!String.IsEmpty(Container(100).ListItem.Property(UserRating))</visible>
						</item>
						<item>
							<label>$LOCALIZE[567]:</label>
							<label2>$INFO[Container(100).ListItem.Property(Playcount)]</label2>
							<onclick>noop</onclick>
							<visible>!String.IsEmpty(Container(100).ListItem.Property(Playcount))</visible>
						</item>
						<item>
							<label>$LOCALIZE[15311]</label>
							<label2>$INFO[Container(100).ListItem.Property(Path)]</label2>
							<onclick>noop</onclick>
							<visible>!String.IsEmpty(Container(100).ListItem.Property(Path))</visible>
						</item>
					</content>
				</control>
				<control type="list" id="160">
					<left>410</left>
					<top>80</top>
					<width>630</width>
					<height>330</height>
					<onleft>160</onleft>
					<onright>160</onright>
					<onup>190</onup>
					<ondown>195</ondown>
					<pagecontrol>-</pagecontrol>
					<scrolltime>200</scrolltime>
					<itemlayout width="630" height="30">
						<control type="label">
							<left>0</left>
							<top>0</top>
							<width>165</width>
							<height>30</height>
							<font>font13</font>
							<align>right</align>
							<aligny>center</aligny>
							<textcolor>blue</textcolor>
							<selectedcolor>blue</selectedcolor>
							<label>$INFO[ListItem.Label]</label>
						</control>
						<control type="label">
							<left>175</left>
							<top>0</top>
							<width>625</width>
							<height>30</height>
							<font>font13</font>
							<align>left</align>
							<aligny>center</aligny>
							<textcolor>FFFFFFFF</textcolor>
							<selectedcolor>FFFFFFFF</selectedcolor>
							<label>$INFO[ListItem.Label2]</label>
						</control>
					</itemlayout>
					<focusedlayout width="630" height="30">
						<control type="image">
							<left>0</left>
							<top>0</top>
							<width>630</width>
							<height>30</height>
							<texture>MenuItemFO.png</texture>
							<visible>Control.HasFocus(160)</visible>
						</control>
						<control type="label">
							<left>0</left>
							<top>0</top>
							<width>165</width>
							<height>30</height>
							<font>font13</font>
							<align>right</align>
							<aligny>center</aligny>
							<textcolor>blue</textcolor>
							<selectedcolor>blue</selectedcolor>
							<label>$INFO[ListItem.Label]</label>
						</control>
						<control type="label">
							<left>175</left>
							<top>0</top>
							<width>625</width>
							<height>30</height>
							<font>font13</font>
							<align>left</align>
							<aligny>center</aligny>
							<textcolor>FFFFFFFF</textcolor>
							<selectedcolor>FFFFFFFF</selectedcolor>
							<label>$INFO[ListItem.Label2]</label>
						</control>
					</focusedlayout>
					<content>
						<item>
							<label>$LOCALIZE[21893]:</label>
							<label2>$INFO[Container(100).ListItem.Property(Artist_Born)]</label2>
							<onclick>noop</onclick>
							<visible>!String.IsEmpty(Container(100).ListItem.Property(Artist_Born))</visible>
						</item>
						<item>
							<label>$LOCALIZE[21894]:</label>
							<label2>$INFO[Container(100).ListItem.Property(Artist_Formed)]</label2>
							<onclick>noop</onclick>
							<visible>!String.IsEmpty(Container(100).ListItem.Property(Artist_Formed))</visible>
						</item>
						<item>
							<label>$LOCALIZE[21897]:</label>
							<label2>$INFO[Container(100).ListItem.Property(Artist_Died)]</label2>
							<onclick>noop</onclick>
							<visible>!String.IsEmpty(Container(100).ListItem.Property(Artist_Died))</visible>
						</item>
						<item>
							<label>$LOCALIZE[21896]:</label>
							<label2>$INFO[Container(100).ListItem.Property(Artist_Disbanded)]</label2>
							<onclick>noop</onclick>
							<visible>!String.IsEmpty(Container(100).ListItem.Property(Artist_Disbanded))</visible>
						</item>
						<item>
							<label>$LOCALIZE[21898]:</label>
							<label2>$INFO[Container(100).ListItem.Property(Artist_YearsActive)]</label2>
							<onclick>noop</onclick>
							<visible>!String.IsEmpty(Container(100).ListItem.Property(Artist_YearsActive))</visible>
						</item>
						<item>
							<label>$LOCALIZE[175]:</label>
							<label2>$INFO[Container(100).ListItem.Property(Artist_Mood)]</label2>
							<onclick>noop</onclick>
							<visible>!String.IsEmpty(Container(100).ListItem.Property(Artist_Mood))</visible>
						</item>
						<item>
							<label>$LOCALIZE[176]:</label>
							<label2>$INFO[Container(100).ListItem.Property(Artist_Style)]</label2>
							<onclick>noop</onclick>
							<visible>!String.IsEmpty(Container(100).ListItem.Property(Artist_Style))</visible>
						</item>
						<item>
							<label>$LOCALIZE[515]:</label>
							<label2>$INFO[Container(100).ListItem.Property(Genre)]</label2>
							<onclick>noop</onclick>
							<visible>!String.IsEmpty(Container(100).ListItem.Property(Genre))</visible>
						</item>
						<item>
							<label>$LOCALIZE[15311]:</label>
							<label2>$INFO[Container(100).ListItem.Property(Path)]</label2>
							<onclick>noop</onclick>
							<visible>!String.IsEmpty(Container(100).ListItem.Property(Path))</visible>
						</item>
					</content>
				</control>
				<control type="list" id="170">
					<left>410</left>
					<top>80</top>
					<width>650</width>
					<height>330</height>
					<onleft>170</onleft>
					<onright>170</onright>
					<onup>190</onup>
					<ondown>195</ondown>
					<pagecontrol>-</pagecontrol>
					<scrolltime>200</scrolltime>
					<itemlayout width="630" height="30">
						<control type="label">
							<left>0</left>
							<top>0</top>
							<width>165</width>
							<height>30</height>
							<font>font13</font>
							<align>right</align>
							<aligny>center</aligny>
							<textcolor>blue</textcolor>
							<selectedcolor>blue</selectedcolor>
							<label>$INFO[ListItem.Label]</label>
						</control>
						<control type="label">
							<left>175</left>
							<top>0</top>
							<width>625</width>
							<height>30</height>
							<font>font13</font>
							<align>left</align>
							<aligny>center</aligny>
							<textcolor>FFFFFFFF</textcolor>
							<selectedcolor>FFFFFFFF</selectedcolor>
							<label>$INFO[ListItem.Label2]</label>
						</control>
					</itemlayout>
					<focusedlayout width="630" height="30">
						<control type="image">
							<left>0</left>
							<top>0</top>
							<width>630</width>
							<height>30</height>
							<texture>MenuItemFO.png</texture>
							<visible>Control.HasFocus(170)</visible>
						</control>
						<control type="label">
							<left>0</left>
							<top>0</top>
							<width>165</width>
							<height>30</height>
							<font>font13</font>
							<align>right</align>
							<aligny>center</aligny>
							<textcolor>blue</textcolor>
							<selectedcolor>blue</selectedcolor>
							<label>$INFO[ListItem.Label]</label>
						</control>
						<control type="label">
							<left>175</left>
							<top>0</top>
							<width>625</width>
							<height>30</height>
							<font>font13</font>
							<align>left</align>
							<aligny>center</aligny>
							<textcolor>FFFFFFFF</textcolor>
							<selectedcolor>FFFFFFFF</selectedcolor>
							<label>$INFO[ListItem.Label2]</label>
						</control>
					</focusedlayout>
					<content>
						<item>
							<label>$LOCALIZE[557]:</label>
							<label2>$INFO[Container(100).ListItem.Property(Artist)]</label2>
							<onclick>noop</onclick>
							<visible>!String.IsEmpty(Container(100).ListItem.Property(Artist))</visible>
						</item>
						<item>
							<label>$LOCALIZE[515]:</label>
							<label2>$INFO[Container(100).ListItem.Property(Genre)]</label2>
							<onclick>noop</onclick>
							<visible>!String.IsEmpty(Container(100).ListItem.Property(Genre))</visible>
						</item>
						<item>
							<label>$LOCALIZE[563]:</label>
							<label2>$INFO[Container(100).ListItem.Property(Album_Rating)]</label2>
							<onclick>noop</onclick>
							<visible>!String.IsEmpty(Container(100).ListItem.Property(Album_Rating))</visible>
						</item>
						<item>
							<label>$LOCALIZE[38018]:</label>
							<label2>$INFO[Container(100).ListItem.Property(UserRating)]</label2>
							<onclick>noop</onclick>
							<visible>!String.IsEmpty(Container(100).ListItem.Property(UserRating))</visible>
						</item>
						<item>
							<label>$LOCALIZE[175]:</label>
							<label2>$INFO[Container(100).ListItem.Property(Album_Mood)]</label2>
							<onclick>noop</onclick>
							<visible>!String.IsEmpty(Container(100).ListItem.Property(Album_Mood))</visible>
						</item>
						<item>
							<label>$LOCALIZE[176]:</label>
							<label2>$INFO[Container(100).ListItem.Property(Album_Style)]</label2>
							<onclick>noop</onclick>
							<visible>!String.IsEmpty(Container(100).ListItem.Property(Album_Style))</visible>
						</item>
						<item>
							<label>$LOCALIZE[21895]:</label>
							<label2>$INFO[Container(100).ListItem.Property(Album_Theme)]</label2>
							<onclick>noop</onclick>
							<visible>!String.IsEmpty(Container(100).ListItem.Property(Album_Theme))</visible>
						</item>
						<item>
							<label>$LOCALIZE[146]</label>
							<label2>$INFO[Container(100).ListItem.Property(Album_Type)]</label2>
							<onclick>noop</onclick>
							<visible>!String.IsEmpty(Container(100).ListItem.Property(Album_Type))</visible>
						</item>
						<item>
							<label>$LOCALIZE[21899]:</label>
							<label2>$INFO[Container(100).ListItem.Property(Album_Label)]</label2>
							<onclick>noop</onclick>
							<visible>!String.IsEmpty(Container(100).ListItem.Property(Album_Label))</visible>
						</item>
						<item>
							<label>$LOCALIZE[562]:</label>
							<label2>$INFO[Container(100).ListItem.Property(Year)]</label2>
							<onclick>noop</onclick>
							<visible>!String.IsEmpty(Container(100).ListItem.Property(Year))</visible>
						</item>
						<item>
							<label>$LOCALIZE[15311]</label>
							<label2>$INFO[Container(100).ListItem.Property(Path)]</label2>
							<onclick>noop</onclick>
							<visible>!String.IsEmpty(Container(100).ListItem.Property(Path))</visible>
						</item>
					</content>
				</control>
				<control type="list" id="180">
					<left>410</left>
					<top>80</top>
					<width>630</width>
					<height>330</height>
					<onleft>180</onleft>
					<onright>180</onright>
					<onup>190</onup>
					<ondown>195</ondown>
					<pagecontrol>-</pagecontrol>
					<scrolltime>200</scrolltime>
					<itemlayout width="630" height="30">
						<control type="label">
							<left>0</left>
							<top>0</top>
							<width>165</width>
							<height>30</height>
							<font>font13</font>
							<align>right</align>
							<aligny>center</aligny>
							<textcolor>blue</textcolor>
							<selectedcolor>blue</selectedcolor>
							<label>$INFO[ListItem.Label]</label>
						</control>
						<control type="label">
							<left>175</left>
							<top>0</top>
							<width>625</width>
							<height>30</height>
							<font>font13</font>
							<align>left</align>
							<aligny>center</aligny>
							<textcolor>FFFFFFFF</textcolor>
							<selectedcolor>FFFFFFFF</selectedcolor>
							<label>$INFO[ListItem.Label2]</label>
						</control>
					</itemlayout>
					<focusedlayout width="630" height="30">
						<control type="image">
							<left>0</left>
							<top>0</top>
							<width>630</width>
							<height>30</height>
							<texture>MenuItemFO.png</texture>
							<visible>Control.HasFocus(180)</visible>
						</control>
						<control type="label">
							<left>0</left>
							<top>0</top>
							<width>165</width>
							<height>30</height>
							<font>font13</font>
							<align>right</align>
							<aligny>center</aligny>
							<textcolor>blue</textcolor>
							<selectedcolor>blue</selectedcolor>
							<label>$INFO[ListItem.Label]</label>
						</control>
						<control type="label">
							<left>175</left>
							<top>0</top>
							<width>625</width>
							<height>30</height>
							<font>font13</font>
							<align>left</align>
							<aligny>center</aligny>
							<textcolor>FFFFFFFF</textcolor>
							<selectedcolor>FFFFFFFF</selectedcolor>
							<label>$INFO[ListItem.Label2]</label>
						</control>
					</focusedlayout>
					<content>
						<item>
							<label>$LOCALIZE[557]:</label>
							<label2>$INFO[Container(100).ListItem.Property(Artist)]</label2>
							<onclick>noop</onclick>
							<visible>!String.IsEmpty(Container(100).ListItem.Property(Artist))</visible>
						</item>
						<item>
							<label>$LOCALIZE[558]</label>
							<label2>$INFO[Container(100).ListItem.Property(Album)]</label2>
							<onclick>noop</onclick>
							<visible>!String.IsEmpty(Container(100).ListItem.Property(Album))</visible>
						</item>
						<item>
							<label>$LOCALIZE[554]:</label>
							<label2>$INFO[Container(100).ListItem.Property(Track)]</label2>
							<onclick>noop</onclick>
							<visible>!String.IsEmpty(Container(100).ListItem.Property(Track))</visible>
						</item>
						<item>
							<label>$LOCALIZE[2050]:</label>
							<label2>$INFO[Container(100).ListItem.Property(Duration),, $LOCALIZE[12391]]</label2>
							<onclick>noop</onclick>
							<visible>!String.IsEmpty(Container(100).ListItem.Property(Duration)) + !SubString(Container(100).ListItem.Property(Duration),min)</visible>
						</item>
						<item>
							<label>$LOCALIZE[2050]:</label>
							<label2>$INFO[Container(100).ListItem.Property(Duration)]</label2>
							<onclick>noop</onclick>
							<visible>!String.IsEmpty(Container(100).ListItem.Property(Duration)) + SubString(Container(100).ListItem.Property(Duration),min)</visible>
						</item>
						<item>
							<label>$LOCALIZE[563]:</label>
							<label2>$INFO[Container(100).ListItem.Property(Rating)]</label2>
							<onclick>noop</onclick>
							<visible>!String.IsEmpty(Container(100).ListItem.Property(Rating))</visible>
						</item>
						<item>
							<label>$LOCALIZE[38018]:</label>
							<label2>$INFO[Container(100).ListItem.Property(UserRating)]</label2>
							<onclick>noop</onclick>
							<visible>!String.IsEmpty(Container(100).ListItem.Property(UserRating))</visible>
						</item>
						<item>
							<label>$LOCALIZE[515]:</label>
							<label2>$INFO[Container(100).ListItem.Property(Genre)]</label2>
							<onclick>noop</onclick>
							<visible>!String.IsEmpty(Container(100).ListItem.Property(Genre))</visible>
						</item>
						<item>
							<label>$LOCALIZE[562]:</label>
							<label2>$INFO[Container(100).ListItem.Property(Year)]</label2>
							<onclick>noop</onclick>
							<visible>!String.IsEmpty(Container(100).ListItem.Property(Year))</visible>
						</item>
						<item>
							<label>$LOCALIZE[567]:</label>
							<label2>$INFO[Container(100).ListItem.Property(Playcount)]</label2>
							<onclick>noop</onclick>
							<visible>!String.IsEmpty(Container(100).ListItem.Property(Playcount))</visible>
						</item>
						<item>
							<label>$LOCALIZE[15311]</label>
							<label2>$INFO[Container(100).ListItem.Property(Path)]</label2>
							<onclick>noop</onclick>
							<visible>!String.IsEmpty(Container(100).ListItem.Property(Path))</visible>
						</item>
					</content>
				</control>
			</control>
			<control type="image">
				<top>430</top>
				<width>1090</width>
				<height>4</height>
				<aspectratio>stretch</aspectratio>
				<texture>separator.png</texture>
			</control>
			<control type="textbox">
				<left>60</left>
				<top>480</top>
				<width>970</width>
				<height>100</height>
				<font>font12</font>
				<align>justify</align>
				<textcolor>FFFFFFFF</textcolor>
				<pagecontrol>195</pagecontrol>
				<label>$INFO[Container(100).ListItem.Property(Plot)]</label>
				<autoscroll time="3000" delay="20000" repeat="5000">true</autoscroll>
				<visible>Control.IsVisible(110) | Control.IsVisible(120) | Control.IsVisible(140) | Control.IsVisible(150) | Control.IsVisible(200)</visible>
			</control>
			<control type="textbox">
				<left>60</left>
				<top>480</top>
				<width>970</width>
				<height>100</height>
				<font>font12</font>
				<align>justify</align>
				<textcolor>FFFFFFFF</textcolor>
				<pagecontrol>195</pagecontrol>
				<label>$INFO[Container(100).ListItem.Property(Artist_Description)]</label>
				<autoscroll time="3000" delay="20000" repeat="5000">true</autoscroll>
				<visible>Control.IsVisible(160)</visible>
			</control>
			<control type="textbox">
				<left>60</left>
				<top>480</top>
				<width>970</width>
				<height>100</height>
				<font>font12</font>
				<align>justify</align>
				<textcolor>FFFFFFFF</textcolor>
				<pagecontrol>195</pagecontrol>
				<label>$INFO[Container(100).ListItem.Property(Album_Description)]</label>
				<autoscroll time="3000" delay="20000" repeat="5000">true</autoscroll>
				<visible>Control.IsVisible(170)</visible>
			</control>
			<control type="textbox">
				<left>60</left>
				<top>480</top>
				<width>970</width>
				<height>100</height>
				<font>font12</font>
				<align>justify</align>
				<textcolor>FFFFFFFF</textcolor>
				<pagecontrol>195</pagecontrol>
				<label>$INFO[Container(100).ListItem.Property(Comment)]</label>
				<autoscroll time="3000" delay="20000" repeat="5000">true</autoscroll>
				<visible>Control.IsVisible(180)</visible>
			</control>
			<control type="spincontrol" id="195">
				<left>960</left>
				<top>440</top>
				<font>-</font>
				<spinwidth>33</spinwidth>
				<spinheight>36</spinheight>
				<textureup>scroll-up-2.png</textureup>
				<texturedown>scroll-down-2.png</texturedown>
				<textureupfocus>scroll-up-focus-2.png</textureupfocus>
				<texturedownfocus>scroll-down-focus-2.png</texturedownfocus>
				<subtype>page</subtype>
				<showonepage>false</showonepage>
				<onup>101</onup>
				<ondown>190</ondown>
				<onleft>180</onleft>
				<onright>180</onright>
				<textcolor>-</textcolor>
			</control>
			<control type="grouplist" id="190">
				<top>590</top>
				<width>1090</width>
				<height>40</height>
				<itemgap>2</itemgap>
				<align>center</align>
				<orientation>horizontal</orientation>
				<onleft>190</onleft>
				<onright>190</onright>
				<onup>195</onup>
				<ondown>101</ondown>
				<control type="button" id="191">
					<width>250</width>
					<height>40</height>
					<label>$LOCALIZE[186]</label>
					<font>font12</font>
					<textcolor>FFFFFFFF</textcolor>
					<align>center</align>
					<aligny>center</aligny>
					<texturefocus border="5">button-focus.png</texturefocus>
					<texturenofocus border="5">button-nofocus.png</texturenofocus>
				</control>
				<control type="button" id="192">
					<width>250</width>
					<height>40</height>
					<label>-</label>
					<font>font12</font>
					<textcolor>FFFFFFFF</textcolor>
					<align>center</align>
					<aligny>center</aligny>
					<texturefocus border="5">button-focus.png</texturefocus>
					<texturenofocus border="5">button-nofocus.png</texturenofocus>
				</control>
				<control type="button" id="193">
					<width>250</width>
					<height>40</height>
					<label>-</label>
					<font>font12</font>
					<textcolor>FFFFFFFF</textcolor>
					<align>center</align>
					<aligny>center</aligny>
					<texturefocus border="5">button-focus.png</texturefocus>
					<texturenofocus border="5">button-nofocus.png</texturenofocus>
				</control>
			</control>
		</control>
	</controls>
</window>
