<?xml version="1.0" encoding="UTF-8"?>
<scraper framework="1.1" date="2012-07-12">
	<CreateAlbumSearchUrl dest="3">
		<RegExp input="$$1" output="&lt;url cache=&quot;tadb-\1-album.json&quot;&gt;http://www.theaudiodb.com/api/v1/json/58424d43204d6564696120/searchalbum.php?s=$$4&a=\1&lt;/url&gt;" dest="3">
			<RegExp input="$$2" output="\1" dest="4">
				<expression noclean="1">(.+)</expression>
			</RegExp>
			<RegExp input="$$2" output="\1" dest="6">
				<expression noclean="1">(.+)(?:%20Ft%2e|%20Feat%2e|%20Ft\.|%20Feat\.|%20and%20)</expression>
			</RegExp>
			<RegExp input="$$6" output="\1" dest="4">
				<expression>(.+)</expression>
			</RegExp>
			<expression/>
		</RegExp>
	</CreateAlbumSearchUrl>
	<GetAlbumSearchResults dest="8">
		<RegExp input="$$5" output="&lt;results&gt;\1&lt;/results&gt;" dest="8">
			<RegExp input="$$1" output="&lt;entity&gt;&lt;year&gt;\4&lt;/year&gt;&lt;artist&gt;\3&lt;/artist&gt;&lt;title&gt;\2&lt;/title&gt;&lt;url cache=&quot;tadb-\3-album.json&quot;&gt;http://www.theaudiodb.com/api/v1/json/58424d43204d6564696120/album.php?m=\1&lt;/url&gt;&lt;/entity&gt;" dest="5">
				<expression repeat="yes">&quot;idAlbum&quot;:&quot;([^&quot;]*)&quot;,&quot;idArtist&quot;:&quot;[^&quot;]*&quot;,&quot;idLabel&quot;:[^,]*,&quot;strAlbum&quot;:&quot;([^&quot;]*)&quot;,&quot;strAlbumStripped&quot;:&quot;[^&quot;]*&quot;,&quot;strArtist&quot;:&quot;([^&quot;]*)&quot;,&quot;strArtistStripped&quot;:&quot;[^&quot;]*&quot;,&quot;intYearReleased&quot;:&quot;([^&quot;]*)&quot;</expression>
			</RegExp>
			<expression noclean="1" />
		</RegExp>
	</GetAlbumSearchResults>
	<GetAlbumDetails dest="3">
		<RegExp input="$$5" output="&lt;details&gt;\1&lt;/details&gt;" dest="3">
			<!--TADBID - Album-->
			<RegExp input="$$1" output="\1" dest="3">
				<expression noclean="1">idAlbum&quot;:&quot;([^&quot;]*)</expression>
			</RegExp>
			<!--MBID - release group-->
			<RegExp input="$$1" output="\1" dest="4">
				<expression noclean="1">strMusicBrainzID&quot;:&quot;([^&quot;]*)</expression>
			</RegExp>
			<RegExp input="$$3" output="&lt;chain function=&quot;GetTADBAlbumTitleByID&quot;&gt;\1&lt;/chain&gt;" dest="5">
				<expression noclean="1">(.+)</expression>
			</RegExp>
			<RegExp input="$$3" output="&lt;chain function=&quot;GetTADBAlbumArtistByID&quot;&gt;\1&lt;/chain&gt;" dest="5+">
				<expression noclean="1">(.+)</expression>
			</RegExp>
			<RegExp input="$$3" output="&lt;chain function=&quot;GetTADBAlbumDateByID&quot;&gt;\1&lt;/chain&gt;" dest="5+">
				<expression noclean="1">(.+)</expression>
			</RegExp>
			<RegExp input="$$3" output="&lt;chain function=&quot;GetTADBAlbumGenresByID&quot;&gt;\1&lt;/chain&gt;" dest="5+">
				<expression noclean="1">(.+)</expression>
			</RegExp>
			<RegExp input="$$3" output="&lt;chain function=&quot;GetTADBAlbumStylesByID&quot;&gt;\1&lt;/chain&gt;" dest="5+">
				<expression noclean="1">(.+)</expression>
			</RegExp>
			<RegExp input="$$3" output="&lt;chain function=&quot;GetTADBAlbumMoodsByID&quot;&gt;\1&lt;/chain&gt;" dest="5+">
				<expression noclean="1">(.+)</expression>
			</RegExp>
			<RegExp input="$$3" output="&lt;chain function=&quot;GetTADBAlbumThemeByID&quot;&gt;\1&lt;/chain&gt;" dest="5+">
				<expression noclean="1">(.+)</expression>
			</RegExp>
			<RegExp input="$$3" output="&lt;chain function=&quot;GetTADBAlbumTracksByID&quot;&gt;\1&lt;/chain&gt;" dest="5+">
				<expression noclean="1">(.+)</expression>
			</RegExp>
			<RegExp input="$$3" output="&lt;chain function=&quot;GetTADBAlbumReviewByID&quot;&gt;\1&lt;/chain&gt;" dest="5+">
				<expression noclean="1">(.+)</expression>
			</RegExp>
			<RegExp input="$$3" output="&lt;chain function=&quot;GetTADBAlbumThumbsByID&quot;&gt;\1&lt;/chain&gt;" dest="5+">
				<expression noclean="1">(.+)</expression>
			</RegExp>
			<RegExp conditional="fanarttvalbumthumbs" input="$$1" output="&lt;chain function=&quot;GetFanartTvAlbumThumbsByMBID&quot;&gt;$$4&lt;/chain&gt;" dest="5+">
				<expression noclean="1" />
			</RegExp>
			<expression noclean="1" />
		</RegExp>
	</GetAlbumDetails>

</scraper>
