<?xml version="1.0" encoding="UTF-8" standalone="yes"?>
<addon id="plugin.video.Skinbase"
	name="[COLOR orange]G[/COLOR]UIDO[COLOR orange]S[/COLOR] [COLOR orange]S[/COLOR]KINBAS[COLOR orange]E[/COLOR]"
	version="1.2.4"
	provider-name="[COLOR orange]Guido | HSK-DE[/COLOR], SGK">
  <requires>
    <import addon="xbmc.python" version="2.14.0"/>
    <import addon="script.module.addon.common" version="2.0.0"/>
    <import addon="plugin.video.youtube" version="5.0.0"/>
  </requires>
  <extension point="xbmc.python.pluginsource" library="default.py">
    <provides>video</provides>
  </extension>
  <extension point="xbmc.addon.metadata">
    <summary lang="de">Guidos SkinBase</summary>
    <description lang="de">
[COLOR orange]Guidos Youtube Channel über Kodi Skins und Mods.[/COLOR]
[COLOR orange]Guidos Skinbase auf Facebook:[/COLOR]
https://www.facebook.com/GuidosSkinBase/
[COLOR orange]FACEBOOK GRUPPE HSK-DE :[/COLOR]
[COLOR orange]HARDWARE - SOFTWARE - KODI - DE[/COLOR]
https://www.facebook.com/groups/hskde/
	</description>
    <platform>all</platform>
    <forum></forum>
    <source></source>
    <website></website>
    <email></email>
    <license></license>
    <assets>
        <icon>icon.png</icon>
        <fanart>fanart.jpg</fanart>
        <screenshot></screenshot>      
    </assets>
    <news></news>
  </extension>
</addon>
