<?xml version="1.0" encoding="UTF-8"?>
<addon id="skin.gothic.17" version="6.0.11" name="[COLOR aqua]Gothic[/COLOR]  (17)" provider-name="Waller , Silvo">
	<requires>
		<import addon="xbmc.gui" version="5.12.0"/>
		<import addon="script.grab.fanart" version="0.12.8"/>
		<import addon="script.skinshortcuts" version="1.0.10"/>
		<import addon="service.library.data.provider" version="0.0.7"/>
		<import addon="resource.images.studios.white" version="0.0.1"/>
		<import addon="resource.images.recordlabels.white" version="0.0.1"/>
	</requires>
	<extension point="xbmc.gui.skin" debugging="false" effectslowdown="0.75">
		<res width="1920" height="1080" aspect="16:9" default="true" folder="16x9" />
	</extension>
	<extension point="xbmc.addon.metadata">
		<summary lang="de_DE">[COLOR blue]Wallers Mods[/COLOR].</summary>
	    <description lang="de_DE">[COLOR orange]The Biggest SkinBase off the World. [/COLOR]</description>
		<platform>all</platform>
		<license>CC BY-NC-SA 4.0</license>
		<forum>http://forum.kodi.tv/showthread.php?tid=210069</forum>
		<website>https://github.com/mikesilvo164/Aeon-Nox-SiLVO</website>
		<source>https://github.com/mikesilvo164/Aeon-Nox-SiLVO</source>
		<assets>
			<icon>resources/icon.png</icon>
			<fanart>resources/fanart.jpg</fanart>
			<screenshot>resources/screenshot000.png</screenshot>
			<screenshot>resources/screenshot001.png</screenshot>
			<screenshot>resources/screenshot002.png</screenshot>
			<screenshot>resources/screenshot003.png</screenshot>
			<screenshot>resources/screenshot004.png</screenshot>
		</assets>
		<news>[B]Based on [I]v6.0.1[/I]  of Aeon Nox 5[/B][CR][I]All Versions[/I][CR]- Misc fixes, changes, and/or improvements[CR][I]v6.0.11[/I][CR]- Fix custom widget[CR][I]v6.0.10[/I][CR]- Add option to disable Logos in Music Visualization[CR]- Remove some global Widget options and add to Main Menu Widget customizer[CR]- MyWeather layout fixes[CR]- Fix text width in DialogSelect[CR]- Change hide wigets until focused and disable widget fanart to a per Widget option in the Widget customizer[CR]- Add mini fullscreen video info layout[CR]- Update language files from TransiFex[CR]- Reorganize some skin settings sections[CR]- Some List view fixes[CR][I]v6.0.9[/I][CR]- Rework Widget template file - noticeable performance increase ;) [CR]- Skin Shortcuts Management dialog fixes[CR]- Hide player artwork when dialogs active[CR][CR]For a full list of changes visit https://github.com/mikesilvo164/Aeon-Nox-SiLVO/commits/master</news>
	</extension>
</addon>
