<?xml version="1.0" encoding="UTF-8" standalone="yes"?>
<addon id="repository.kus.allinone" name="[COLOR blue]K.U.S[/COLOR] All In One [COLOR blue]Repository[/COLOR]" version="3.1" provider-name="[COLOR red]K.U.S Team[/COLOR]">
    <extension point="xbmc.addon.repository" name="[COLOR red]K.U.S Addon Repository[/COLOR]">
        <info compressed="false">http://kodi.my-cydia-ig.de/RepoAddons/addons.xml</info>
        <checksum>http://kodi.my-cydia-ig.de/RepoAddons/addons.xml.md5</checksum>
        <datadir zip="true">http://kodi.my-cydia-ig.de/RepoAddons/</datadir>
    </extension>
    <extension point="xbmc.addon.metadata">
        <summary>[COLOR red]K.U.S-REPO[/COLOR]</summary>
        <description>Downloade und installiere Add-ons von der KODI Unlimited Support-Repository. 
Facebookpage https://www.facebook.com/groups/kodiunlimited/
[COLOR red]!Der Ersteller des Repository,ist nicht der Ersteller der Addons und somit nicht Verantwortlich für dessen Inhalt![/COLOR]</description>
        <platform>all</platform>
    </extension>
</addon>
