<?xml version="1.0" encoding="UTF-8" standalone="yes"?>
<addon id="plugin.video.focus-online.de" name="FOCUS Online" version="2.0.4" provider-name="bromix">
	<requires>
		<import addon="xbmc.python" version="2.14.0"/>
	</requires>
	<extension point="xbmc.python.pluginsource" library="addon.py">
		<provides>video</provides>
	</extension>
	<extension point="xbmc.addon.metadata">
		<summary lang="en">Plugin for FOCUS Online</summary>
		<summary lang="de">Plugin für FOCUS Online</summary>
		<description lang="en">The FOCUS Online addon provides rapid and sustainable news service from the fields of news, politics, sports, Panoramic, money, health, property, knowledge, culture, travel, finances, family and car.</description>
		<description lang="de">Das FOCUS Online Addon bietet schnelle News und nachhaltigen Service aus den Bereichen News, Politik, Sport, Panorama, Geld, Gesundheit, Immobilien, Wissen, Kultur, Reisen, Finanzen, Familie und Auto.</description>
		<disclaimer lang="en"></disclaimer>
		<language>de</language>
		<platform>all</platform>
		<license>GNU General Public License v2.0</license>
		<forum>http://forum.kodi.tv/showthread.php?tid=233963</forum>
		<website>www.focus.de/videos</website>
		<email>kodi at bromix dot org</email>
		<source>https://github.com/bromix/plugin.video.focus-online.de</source>
	</extension>
</addon>
