<?xml version="1.0" encoding="UTF-8" standalone="yes"?>
<addon id="repository.master.skinbase" name="[COLOR aqua]GUIDOS[/COLOR] [COLOR orange]SKINBASE[/COLOR]" version="3.1.5" provider-name="[COLOR lime]GUIDO[/COLOR] | [COLOR aqua]Kodiman[/COLOR] | [COLOR orange]HSK-DE[/COLOR]">
	<extension point="xbmc.addon.repository" name="GUIDOS MASTER SKINBASE REPO">
	<dir>
		<info compressed="false">https://raw.githubusercontent.com/kaffepausse71/skinbase17/master/addons.xml</info>
		<checksum>https://raw.githubusercontent.com/kaffepausse71/skinbase17/master/addons.xml.md5</checksum>
		<datadir zip="true">https://raw.githubusercontent.com/kaffepausse71/skinbase17/master/</datadir>
	</dir>
	<dir>
		<info compressed="false">https://raw.githubusercontent.com/kaffepausse71/skinbase17.1/master/addons.xml</info>
		<checksum>https://raw.githubusercontent.com/kaffepausse71/skinbase17.1/master/addons.xml.md5</checksum>
		<datadir zip="true">https://raw.githubusercontent.com/kaffepausse71/skinbase17.1/master/</datadir>
	</dir>
	<dir>
		<info compressed="false">https://raw.githubusercontent.com/kaffepausse71/skinbase17.2/master/addons.xml</info>
		<checksum>https://raw.githubusercontent.com/kaffepausse71/skinbase17.2/master/addons.xml.md5</checksum>
		<datadir zip="true">https://raw.githubusercontent.com/kaffepausse71/skinbase17.2/master/</datadir>
	</dir>
	<dir>
		<info compressed="false">https://raw.githubusercontent.com/kaffepausse71/skinbase18/master/addons.xml</info>
		<checksum>https://raw.githubusercontent.com/kaffepausse71/skinbase18/master/addons.xml.md5</checksum>
		<datadir zip="true">https://raw.githubusercontent.com/kaffepausse71/skinbase18/master/</datadir>
	</dir>
	<dir>
		<info compressed="false">https://raw.githubusercontent.com/kaffepausse71/skinbase18.1/master/addons.xml</info>
		<checksum>https://raw.githubusercontent.com/kaffepausse71/skinbase18.1/master/addons.xml.md5</checksum>
		<datadir zip="true">https://raw.githubusercontent.com/kaffepausse71/skinbase18.1/master/</datadir>
	</dir>
	</extension>
	<extension point="xbmc.addon.metadata">
		<summary>Guidos Master SKINBASE Repo</summary>
		<description>
In [COLOR aqua]G[/COLOR]uido[COLOR aqua]s[/COLOR] [COLOR orange]S[/COLOR]KINBAS[COLOR orange]E[/COLOR] findet ihr Skins für die Kodi Versionen von 17 bis 18 aus aller Welt.
Viele sind selber gestaltet und einige haben wir aus anderen Repos oder auch Wizards wie zu Fanrific Wizard,Classik Nancy Skins und Ares Wizard.
Die Skins sind für die jeweiligen Kodi Versionen farblich und mit Nummern markiert.Des weiteren findet ihr auch weitere Repos für Skins sowie Bilder Addons für Hintergrundbilder und Addons die für die Skins benötigt werden.
Die SkinBase wird ständig erweitert und verbessert.Viel Spass wünschen euch Guido und Waller.[/COLOR][aqua]KODI 17 Schrift Aqua,[COLOR orange]KODI 18 Schrift Orange[/COLOR]
</description>
		<platform>all</platform>
        <forum>https://www.facebook.com/groups/716337198478240/</forum>
        <website>https://www.facebook.com/groups/716337198478240/</website>
	</extension>
</addon>

